id,lat,lon,color,description
3b8f8094-7420-4a60-ad5a-d16cff97d298,57.583791,39.515753,Blue,
0ac89bbc-e785-4fd6-b949-f6ff1ed17187,53.732338,34.239711,Blue,
702cf881-a7a5-4164-bcaf-2235852bb552,51.552498,31.149770,Blue,
dfae8fe2-0856-4644-be96-547734725ccf,48.400904,31.077925,Blue,
0a05f9db-3726-4121-9d76-e9262c594b93,49.343090,39.257808,Blue,
a0a7f21d-ca4f-44a2-9b54-dd861f056040,53.393005,34.766321,Blue,
9a7c6cf9-8e02-4cf3-b82f-35d00d7773f4,52.519803,41.339062,Blue,
497b5431-828d-4baf-9a7c-b021c0d3f665,51.155803,33.245129,Blue,
70f55ae4-4b37-42c5-9de5-a5f40078aaf0,53.223639,31.302213,Blue,
2673ffaa-9503-4fad-9ccd-52ebf69c0e93,54.740507,31.670177,Blue,
5de13a98-2d12-44ed-a30f-38b61d924755,54.269249,30.540413,Blue,
4abf09d2-1373-4bdd-a12f-c3f5b81f786c,48.556118,39.467200,Blue,
91b0986d-75f1-4a07-9a0a-f17fa9fc6162,57.980378,30.348973,Blue,
30746c40-374b-4bd6-bf4d-017102933f6c,55.504109,40.763443,Blue,
bd983084-9cc4-4249-a423-b8ef3b4710c2,50.438443,28.013401,Blue,
8ec3fcdd-24cd-4737-82cc-b849354a1533,55.329497,29.222098,Blue,
71da83ec-6a9b-4b8b-943d-6c5e3483c259,56.860541,36.233505,Blue,
847f0864-4e6d-48fe-af2a-b0e8e759a52d,53.344834,38.861098,Blue,
6275bfe1-5e82-48c0-9d78-8c364930eefc,56.364835,32.193671,Blue,
5aff7f59-f7b2-4f19-8876-ee47f26fd4f2,54.852320,33.301895,Blue,
089072ce-b5f4-4ea2-be40-9400f1193128,53.934519,27.660620,Blue,
b0a00087-e530-4f9c-8ff1-889f8c878481,50.352105,41.217541,Blue,
bea538a8-5faf-42d2-89f6-c6707e9e10d1,52.956633,31.791340,Blue,
9d732463-0aeb-4fb7-af95-551fcb1058ef,48.933074,31.753322,Blue,
2deb59fc-87ae-4c64-9621-33a33d50fee8,54.423974,41.209741,Blue,
f4b268b3-f84b-4830-8104-ad9a786dcdb4,51.541799,27.871241,Blue,
91ab4f31-5b14-44d6-82ad-23a44495d26c,51.842450,41.388407,Blue,
54977673-3161-4705-ac48-6eb52ac80866,56.456922,35.464044,Blue,
a7c62310-1f70-44fb-9e52-aa18c8a8d3ac,55.536724,40.604209,Blue,
2f167df9-6405-483c-94dd-e505b6cff8c6,57.428300,27.987469,Blue,
995b7d6b-ab7d-45ac-8d76-8faa0a254347,52.942665,30.802919,Blue,
3fb38029-6ab8-4ce9-a5c4-b0e36f14c212,54.612753,38.740029,Blue,
d1674b9e-ed4c-404c-8aa5-d51d4991e4bb,50.367394,33.639603,Blue,
1f91d0a7-67bc-4a81-b8c7-691ad4e4f620,51.189770,38.330910,Blue,
59768ebf-b750-40c9-8448-8f6e3e38e415,55.958328,34.421459,Blue,
4b79d9f4-571b-4168-b9a0-20c0645c09ed,54.448001,39.052589,Blue,
4e15ea04-44ee-448a-817b-cc0ae620379f,55.438681,27.729702,Blue,
a94ecbf2-56df-4cde-9b74-148d632eb7ee,48.760480,39.632823,Blue,
dbea227b-359a-4bf1-9385-31caa1cffa3a,55.118104,34.030808,Blue,
d45c94f3-0937-4a2e-8d74-02f2ef7165fe,56.258806,39.082143,Blue,
85f83161-fbd1-4797-9aab-0f173a185e82,57.648539,28.035111,Blue,
08beba62-b70a-42b7-b81b-d45d99a0da3e,56.262640,32.677195,Blue,
1d14a93f-c56c-4233-abf6-95f49f58fe29,48.942890,38.922221,Blue,
5d5fb5af-c518-4caa-8629-764953eec57f,55.107582,36.818502,Blue,
adbffe55-986c-45f4-83ae-42e3cb5f8d94,54.515832,30.522511,Blue,
ca9a0fd3-b7ef-4316-889d-efa4f254bead,52.188134,36.999142,Blue,
53be216b-fc95-44ea-93d7-3ab29f5e0208,51.526079,30.856961,Blue,
5148fa8d-f0b9-4940-9079-49cf5f199f18,56.438201,31.598877,Blue,
5f81ed1f-78a3-4c2c-bbd1-04b0bde77542,55.086454,29.365406,Blue,
d566a219-f5f0-49ed-b507-688c5898df79,54.470776,35.825083,Blue,
b0daf78c-d71f-4c73-9776-46d975df5b25,57.306597,36.126825,Blue,
86c37bb5-dc0d-4752-9d6a-eda998b8dad6,50.516175,35.453878,Blue,
39eecee6-a66f-4fa5-8307-28b0f12530fd,53.732718,38.429382,Blue,
43e37cec-1337-4585-935c-9b83e2e793f2,51.130157,33.269267,Blue,
9f3efbad-b702-4eda-9fa3-d4fd651acf9a,50.807008,28.677838,Blue,
fac8f15f-bc8f-495c-b50b-a956ea3db465,53.314221,34.416586,Blue,
3901aa41-307f-4324-a120-622e4ac868af,56.485581,37.318276,Blue,
503aad8e-61a5-41cc-8603-946a04d21e35,48.793615,32.119206,Blue,
eac59524-c652-454c-ad4d-17b1331cb132,57.160940,27.589673,Blue,
af935dc0-029e-4419-838d-a248e4105d28,49.638596,33.218297,Blue,
85647388-5a53-4ca6-aedb-a32350656757,56.902072,27.547797,Blue,
1a901d5d-19a7-4268-816f-0fb6ea677526,50.154136,30.966089,Blue,
076ecdde-ddf2-4fb0-901d-5ab15c6059af,57.199539,33.338939,Blue,
e9f878fc-09ef-4e83-ac35-9186f2c5e088,56.562350,32.451442,Blue,
9a5af425-9578-4d45-aba2-3dd83bbdc399,57.078719,33.220445,Blue,
57afea99-d1a8-4f87-ba2e-c3d850e6a83c,49.575229,39.027959,Blue,
efb2e25d-0b46-43d9-99a4-ec9db2d6d4a1,53.723247,31.535971,Blue,
71409de6-eeef-455a-a6b9-edc0d11ba06f,54.649838,31.176467,Blue,
090b6088-e041-4572-a5c8-a531ed95f569,53.167384,38.512710,Blue,
bc183143-8aaa-4841-8473-a0b8c7c98518,50.515521,31.805351,Blue,
ff1efbc5-67c5-405d-b263-8fd2ef688a56,51.310592,30.157141,Blue,
dc028e85-abfa-4e3b-a86a-36d93d7b9302,55.096332,33.718438,Blue,
093b2e79-3760-49c8-933b-e7b0d3f32991,52.061869,34.833062,Blue,
953c67b0-1e76-4282-ab5d-902cd5ab07c7,48.914286,33.950488,Blue,
5ad65fb4-79b1-4762-bfbb-c5611b6ea09c,52.928091,31.699847,Blue,
cb766088-831d-41e8-bbf4-0965b6b1a11a,57.506162,28.296210,Blue,
27f661dd-5568-4aed-b80c-fa9450153475,55.168973,27.279826,Blue,
0f75e1fd-f553-4e3a-a5e3-093429ac0054,56.538959,41.400394,Blue,
7f1a95a8-bc52-4597-8f91-9e7f83ce50d9,53.061024,29.884370,Blue,
64666d07-7cab-4f33-81b0-c11176c81222,50.433406,37.515308,Blue,
6c3f8ff0-84f2-4dd2-be53-e67fdae18ce2,58.001711,38.800796,Blue,
8c0b6459-3df9-4520-a2b6-5456b1e41cd6,53.463494,36.747861,Blue,
636411b7-e2f4-4db4-98d2-8bcf1af78016,49.802118,32.095351,Blue,
cbac6bbd-3aed-4baa-80ae-1ddc0087b731,49.818558,32.158467,Blue,
4e0a3e13-113d-412a-b639-0c073f70c9ec,54.031000,40.620114,Blue,
712e72d9-3bf0-490f-bc66-0eaf1b124124,50.628976,36.052889,Blue,
69bbee86-635b-4788-8532-ff70adc0a7c4,52.471114,34.207882,Blue,
b737cbde-0f03-4f39-9517-4e6cd9ede662,54.545850,37.196261,Blue,
659c8b03-45a8-4a73-9b69-09f77d892eeb,49.499317,31.893247,Blue,
7ba618af-b373-4e7b-93aa-7ead2b815b83,54.728949,30.023060,Blue,
36035fff-2853-4265-b396-869692b6f315,49.774702,30.403863,Blue,
08b3991b-bc44-456e-b535-b218939dda8e,49.946295,29.444511,Blue,
e3a0616b-da59-498b-ab5f-4e5cc9146007,48.920022,39.875641,Blue,
29f77c9c-bb1e-4ea5-8bad-244f1f6496fd,50.653356,36.074541,Blue,
dd21f376-a440-4b06-af4f-3f2ac14a8f49,54.913120,33.928840,Blue,
ac592468-a2b6-42d8-b982-39338aeb475b,54.980507,32.983678,Blue,
fbfd7dee-0291-437a-b2fc-8671ee722b76,49.364260,38.542292,Blue,
3d7309b2-8064-4771-aed7-b26d5e95afd0,56.642608,27.393448,Blue,
bea7241e-f8e2-4eea-845a-15ed5f4ac9d2,48.901504,34.042326,Blue,
c12e3ad1-6520-43f8-af9d-76a515ad2ecb,48.460852,30.728432,Blue,
7ff9d49f-642c-405c-9ef7-41a59f965cd4,52.184672,33.606470,Blue,
70cebee3-9582-4029-b7b9-d05e002c47a8,51.964295,29.365558,Blue,
7efc9cf6-c3ff-4aec-9a46-7a352c7da465,54.312305,35.251774,Blue,
e3c31bce-ca29-4964-a858-1fffccb07dc3,56.600898,33.132204,Blue,
bbd0ae71-05ca-4f01-8bf4-fd428be4b037,49.338807,30.818357,Blue,
fe728aa4-a082-4b47-b469-a1de4a9afd32,55.039215,35.205846,Blue,
501dfbb8-abc5-4970-ad03-3b8048674d39,51.080885,36.602268,Blue,
842a1b78-a3e0-40ab-a10a-743f1bf2e858,53.238308,29.731815,Blue,
1692e179-a498-4f60-8974-15a15cbc8be9,49.603924,28.010647,Blue,
6598cca1-6807-4a7c-9140-fed98c60d6f5,56.549131,39.970072,Blue,
a4fd51c4-3650-4a5a-bcf2-d96d25505155,56.609178,39.651986,Blue,
8941fd8d-7758-479f-beaa-3a059c470e57,50.278163,36.565080,Blue,
ff15ab7f-cc0b-476b-a192-01a1e8d6dc3b,50.415135,38.908780,Blue,
719ee251-54c9-41f8-a7c3-171a5cc0fcd9,53.123964,37.818262,Blue,
4a3504fa-f987-4d97-9ba5-048723b37cdb,52.613430,29.656356,Blue,
54c8bfde-6d2e-4a67-aa28-68a04d9a96e8,52.180358,29.065664,Blue,
6d723429-bdab-4e94-9343-f5b3d21c5e50,50.182807,32.390972,Blue,
af433ff7-b14e-4edf-afa9-d4a117f96820,53.348291,27.218411,Blue,
fd60b40c-420e-4e7b-8ee8-7cfca3f306e7,57.692270,27.602082,Blue,
e5d33379-a886-43b7-bf12-a41e013165c6,54.416502,40.526338,Blue,
f970a951-36b9-4067-b86e-585225eaa63e,51.010588,41.541752,Blue,
96e6e58a-4019-4811-899b-04caedd22c06,49.824363,36.406232,Blue,
d0e69e35-79ea-40e7-a5e0-f9df04e25ff7,51.504433,35.926582,Blue,
dc35719b-b7fe-4ae6-ad2d-2c583cd5f2c1,56.409426,34.149773,Blue,
ccd14a21-e02a-4cf0-a2bd-aa9e347b7c4f,51.519023,39.909010,Blue,
0f54ad78-5c78-4c10-aeda-166284b990ab,51.330484,35.344277,Blue,
f63d6abb-50b8-4507-a68a-8546d4866cd1,52.707994,34.227912,Blue,
fcb77d84-f09a-4fae-9b65-552ec5e54c4e,55.001903,28.434024,Blue,
fe879b66-23f8-4504-b16f-d07ee98bc2f6,53.397003,31.696424,Blue,
a926b1e1-9882-4ddf-885e-1e47aa5dabfa,55.391280,32.944028,Blue,
dbf35e41-be75-4177-9572-c57df699c81c,49.248356,30.579924,Blue,
db874f22-30a8-4d9f-a8fe-88a203229c07,56.753549,31.998403,Blue,
f42938aa-93c7-41f1-a937-91bdeec8548d,51.774401,29.584668,Blue,
f0bd7929-9726-4261-9bf1-69f8ed510cbf,54.819855,27.841946,Blue,
37744614-156c-4d98-a5b8-4207cda9dd60,50.778883,34.964090,Blue,
8853d723-a33d-4427-8c6f-a9386125d956,54.600572,29.845339,Blue,
6daeb3fd-98e4-4e36-ab76-3853cc0777a8,56.035418,30.835585,Blue,
0a17d684-5199-4305-843a-1166cfd6057e,48.273728,30.143267,Blue,
8718ea9b-d3e7-4a46-b179-ffd47cbbd770,49.569513,38.967482,Blue,
00770d30-5d21-4ba3-bca0-ba779a93550d,51.244125,40.850570,Blue,
66eaa977-f9fd-4a9b-bb6e-04576edfe140,51.936641,34.930765,Blue,
22ece4f4-fd5a-4387-a8c8-d7dc983e1fdc,50.863033,33.039855,Blue,
7a5d9b7d-1735-442f-b360-59f7423c3817,49.756280,32.014458,Blue,
c1df6efc-e6cd-40f9-b946-a346fc6de2af,52.196380,35.182799,Blue,
f5bf5ebb-b786-4b66-beaf-0e0819466e20,57.869761,34.672566,Blue,
ceb968c7-d1da-4408-9916-9bc1845891db,49.079314,31.763466,Blue,
dd1ae96b-119e-48ec-ad43-273ce6dc3182,56.772786,37.467692,Blue,
8e4c9e47-a681-4418-bd95-4cdd5540cc65,54.558382,29.787039,Blue,
05907b17-ccde-40d9-a404-f4c562597932,51.366030,28.148130,Blue,
25e25168-81f6-4fd1-8c55-dd0303a81a11,55.244622,34.227578,Blue,
f4b1cc81-b83f-4ba7-8aa8-50e2da9aba8e,53.154996,37.886505,Blue,
a3044240-c5bd-4967-8df5-f9ac017045e0,53.982499,32.023048,Blue,
d6f09454-b3bd-4f10-9459-726f202a80a0,57.869411,27.925209,Blue,
fa8d1cae-5544-4294-af46-93ea5d68cd72,54.977456,30.708268,Blue,
42fff82e-f054-499f-8587-afc20da1489c,56.939537,36.104388,Blue,
16bf5651-2f2a-4ebb-bf22-f28c73db920b,53.841359,40.273715,Blue,
00438ffa-1d10-4d43-973a-e1c8e2fd1a5b,52.102491,38.118766,Blue,
57fdd92e-733a-4df9-bf64-59a511d9b5fc,57.451953,36.147796,Blue,
e2306957-1610-42a8-8c55-51b8078c3723,52.862708,41.239488,Blue,
6bfd5f9d-834a-45d5-9fc5-dae9ee2dfb79,53.193193,35.078971,Blue,
9e18040c-9a6b-4206-9a9c-5269b80f55da,53.043043,28.227304,Blue,
a39ff594-7fe0-429c-b34a-dc3cc096a154,57.151985,32.607238,Blue,
f0cbb2ec-814b-4ce2-b5db-6e1737530ef7,52.808416,32.469691,Blue,
24387bb0-1fca-4398-9f37-9db5588af189,49.575869,41.231455,Blue,
4b382c0f-0b76-404c-beb2-41ab686562ef,54.075608,39.268013,Blue,
5afccfd4-4b51-4322-8b05-dc8709bc2382,50.829042,34.968889,Blue,
74ccde1a-8c6d-4613-917a-f67dfaec5833,54.199534,31.330825,Blue,
7c7e4581-5701-4339-91dc-d4e5caf5d67a,52.679275,37.186220,Blue,
d152ea52-7dde-4df6-9132-ee5fd860c80e,54.305370,38.669416,Blue,
cd020a48-cca1-46fd-8f57-c9885d204f84,53.907107,35.772238,Blue,
28b9a9bf-ce96-44c5-944e-d9a40e3f2d98,51.955120,30.032947,Blue,
05696eda-977c-4b2b-9c3c-dc0e1c7671d5,49.244301,40.186175,Blue,
076c11af-d586-4fbc-afc7-5ca0a0eee1bc,57.253335,39.927786,Blue,
e0db3c23-438a-4eed-bdce-263a0b682745,51.689448,40.208333,Blue,
d9e6b0ef-e79a-4be3-8c0e-814bd38530c5,50.996269,33.440018,Blue,
3170fbbd-5a53-4d17-bca6-862faa573042,57.206793,30.701629,Blue,
98d7177c-e470-46ab-ab90-69c8d8771512,53.350245,39.772936,Blue,
3fdedb2d-f865-4450-8649-c894fa548885,52.401952,40.661259,Blue,
d66279e5-7620-4872-a6d6-4b7421c6109b,52.809918,40.277454,Blue,
b772d46d-6f4b-4482-8c5a-414fb3dfd622,54.082848,27.791192,Blue,
7f7b2869-487d-462f-bb7c-edf9b63885f4,54.984372,41.340656,Blue,
379b5e37-445c-40e7-810b-cc87db10c1a7,49.622180,27.732183,Blue,
167efe41-fcc8-4cc4-911d-3b2d54c818a5,56.724396,30.181329,Blue,
060d8dd9-b615-4150-96b2-77d5418ca1cd,54.882883,39.377986,Blue,
8015a8f6-1e27-4209-8155-0edbb10ad827,48.402216,29.109141,Blue,
e9f5cc1d-a68b-428f-81a6-02ae9a02d03b,57.489744,28.433749,Blue,
a7cfdadf-a425-4567-bec3-8154c00a2164,56.034568,27.376915,Blue,
e0f6c5c6-51e3-49d1-889d-928ed73ff91d,50.538290,30.968806,Blue,
503ad390-439f-42b0-8f61-15341b806fad,52.554187,32.528282,Blue,
29d4c761-3ffe-488c-97b6-ee33a086f9d7,55.406221,41.415469,Blue,
49096d28-16df-47c1-a21b-a91748069516,52.364845,40.461087,Blue,
fd0cf0f1-9543-4b21-93d3-8967a69a1d52,54.409036,28.176445,Blue,
01f04b6f-2bdf-4c90-99cd-8241a165d953,56.280427,32.599436,Blue,
3aa8bada-2839-409f-b042-56ae29799392,50.499023,39.981056,Blue,
27aece33-b002-435b-8900-ac47a5ee4898,56.857758,40.898061,Blue,
8f75e3ea-0717-4afc-a38f-e322027656fe,51.929753,29.412858,Blue,
453bf14e-728a-4764-a2ea-c67c859d4433,53.708158,40.198841,Blue,
302e322a-b3ad-4afd-ba8f-905d366a45a8,50.110357,31.494835,Blue,
b89c14f8-6746-4146-9590-6c7b2013a210,57.334295,35.367018,Blue,
bfec3ac1-fd4a-462b-bff9-0e6ac21b85b5,56.901961,35.255136,Blue,
324fe464-098a-4d26-a857-6bd129b18a32,56.391936,34.877860,Blue,
625965f8-ec8f-43b4-a91b-73c598bae78c,51.087305,38.889605,Blue,
5ae8946b-1803-4736-8868-e8d4027ba49b,53.979966,36.152035,Blue,
1c814510-3c4d-4478-af44-c89f402a98e1,53.732751,31.723657,Blue,
3b55e468-a5fb-4566-91f7-29b4262f8be0,50.081503,29.225706,Blue,
a49751df-e6ab-45a2-bfe7-6b2e396daec2,49.256482,32.153451,Blue,
b321d146-a8f9-4b0d-b78e-593bf32d1ee1,53.794498,37.208434,Blue,
3425c48f-0410-4f2d-8337-9bf187bada9c,53.200224,27.448647,Blue,
b91e156d-d6b0-4d1e-b038-8ed8f80b9a95,48.415624,34.824140,Blue,
a305fb53-5d5b-43f7-9b83-690da19b5947,49.465375,33.506775,Blue,
7e224cc0-b893-4020-9275-06cd5e808e3d,54.263843,40.050570,Blue,
3472ece1-dbfc-49e8-83c5-74e417c5eb0b,48.557901,29.567549,Blue,
88fbdd94-6ab4-42de-8f89-2ddb47c647a9,48.653182,38.254980,Blue,
6779e1af-9b11-4e6a-a490-33b860c69719,53.768178,36.847465,Blue,
8d4d6360-8c5a-4ea0-a195-da08fb5dbc90,57.964499,39.311617,Blue,
94b8e6f6-2955-4f3b-ae64-9194b7fc586b,49.223426,34.199663,Blue,
73cb18de-c5dd-4025-98c3-1ee536ca5bf4,50.992626,39.706979,Blue,
1861fb7a-d8f6-4515-b057-0eae010a26f8,53.589412,39.267925,Blue,
442d832a-97f1-4a57-ac13-16a42569310a,56.280640,33.103056,Blue,
b3ee663e-6932-498e-974e-8ff245ccc99f,55.163840,34.096551,Blue,
4134c3e4-bf1c-4f91-bc09-5e1a07e59802,49.622242,32.695634,Blue,
d0c0aa5f-0a00-42fa-a2aa-1bef24f54ca8,57.843432,35.135146,Blue,
3b171fc5-ead3-4f20-aeb8-53db0250433c,57.203381,38.673906,Blue,
e05b8a2d-1c30-4817-9c5b-c51c05836ea3,56.993154,27.298634,Blue,
c43a52d9-db70-47ef-9e4b-22475b1a0b25,54.308678,31.317174,Blue,
03a21fb5-21d5-4bd1-b884-9e76553ec62c,50.351167,32.872148,Blue,
1793e53c-1885-4fe8-90bd-ec2104246e14,57.082797,39.229691,Blue,
bb4b225a-fb5a-4355-ae92-7c49c3812c26,52.165289,31.993742,Blue,
5c892a05-ba3e-4451-8ce5-3090f572cd4d,52.461305,34.117044,Blue,
a8794bfc-9849-495e-8517-2fd007167da6,57.958515,40.131849,Blue,
0dcbdcd3-64b5-4731-9894-287e4f183567,49.377108,40.417597,Blue,
27b05d00-457e-4b90-b98b-e1d9bd770c67,56.718395,38.292311,Blue,
a9c918ba-e001-48fc-b9b9-a983334d7325,53.332660,28.204808,Blue,
3cd4ef49-e549-426f-8f57-da1262542300,48.250087,36.529836,Blue,
a48054fb-3f1c-499e-a974-abfcc4df64be,57.433398,27.686465,Blue,
18af1617-e1c8-4924-8320-978eccbb59c9,55.621559,29.873759,Blue,
745d3350-8ce5-4fcd-a161-62d064baf8e4,54.874120,35.410914,Blue,
a90d8794-2144-40c3-8012-ed94f4b7acb2,54.918934,30.444452,Blue,
342052a2-b2e9-4c17-a708-db4add14c941,51.440365,30.764874,Blue,
a8ca1634-727f-4a96-b4c6-be937b1bcd6e,49.514696,28.553639,Blue,
ba6ae7a3-60b5-4db8-8d96-c88646f27af7,49.332296,38.689099,Blue,
4b2fc0f4-596e-40d0-8498-3cc85d47f82b,57.431008,30.122205,Blue,
289eade9-0086-4f34-be73-ee62599b55ba,55.038355,40.240917,Blue,
395379ba-a0d8-49ab-bd1c-50e70b63f77a,54.222347,38.775902,Blue,
96867bde-a5c8-4d7b-8079-897f634a740d,51.213389,28.412947,Blue,
738c33eb-bcb1-45d7-90af-d4d89634b582,53.762463,32.054079,Blue,
e26e2d85-0bc7-4d7f-8f96-d17f19feb388,53.499395,39.611192,Blue,
065cacd6-1373-419f-95ba-76c9a6aaaa48,49.521879,40.741348,Blue,
7ba8f1de-dcf9-484a-9d2e-59a20be7961d,51.833258,36.770944,Blue,
d3c9f0f1-8b7d-4cd5-8fc8-a2e2430a2900,56.768645,38.854126,Blue,
287687a6-9964-451d-9095-7231a8e49ea7,54.996798,29.709719,Blue,
b972c909-e5b0-4c22-b766-e3f6d5b3961a,57.087352,39.293321,Blue,
b01e2810-67f4-4e1b-8b73-dbcf1b286092,53.884180,27.610701,Blue,
e5a457e0-3887-4eb1-ae26-5051d73e7ce3,50.652258,32.516301,Blue,
51ab664a-af52-4f28-bde4-43d3513418d1,52.954064,37.869518,Blue,
60897e4c-93e3-4a2e-a6ff-739c562b03ad,51.934127,32.872770,Blue,
c8386943-b3f3-4b01-aecb-9bc60c1d3cfd,49.262880,38.407888,Blue,
a07f0b7a-0392-41d1-b013-92bf6345f698,52.678838,31.262315,Blue,
15147052-e40c-4de6-af65-b8b2aede8549,52.615681,36.832824,Blue,
8f11b3d8-3bab-48d0-800a-d96e71d3edac,53.124902,27.183205,Blue,
81a2041e-7544-4854-8c72-c6cb378885bc,49.747110,33.417983,Blue,
76bc273c-603a-4b9f-8691-277a29b31a4e,49.058759,36.905070,Blue,
f42f3366-e6a9-46e0-b41b-2ad130bbae2d,57.436295,28.852168,Blue,
c5169869-9302-458d-85be-604c6dce5e18,54.164769,35.987412,Blue,
09fb2ff2-f715-41ca-aec6-1c2e027480d9,53.152797,39.598634,Blue,
58a1a9c6-8830-4bd4-ae3d-ca538566d0c3,55.267132,32.988656,Blue,
3b80863e-5c3a-4d7e-b170-2d241a5c1301,53.719022,39.968284,Blue,
25faf66c-c784-46a2-839f-d776db12bd5e,54.356164,28.606748,Blue,
865df9ba-0657-4128-8f74-8282254e9688,53.842704,32.538808,Blue,
125edb1a-ce89-467e-b324-021d6ce71368,48.601703,31.255975,Blue,
82c59c96-a3cf-4867-88e6-008ad89a5b4b,54.750916,27.738756,Blue,
1a6d0d70-bc49-4609-a636-248424291dde,51.983002,41.051488,Blue,
143ffcbb-17c4-4c6a-951f-fc69cf71d4f1,53.296055,33.494876,Blue,
74a87adb-f9b3-46ea-bfab-dcd9cef180e7,49.054057,34.906490,Blue,
e23211cb-21cf-4fab-b554-edeb3117ec0f,52.853818,35.936655,Blue,
e21b981e-5ba0-43fd-bec1-3c1358de1836,54.767379,33.574133,Blue,
04c0f930-d6a3-498f-a628-65ecb5fd049e,51.727688,30.447451,Blue,
a824931d-72cb-429b-a547-baa255d7a897,57.491765,30.680207,Blue,
04b2b388-5269-473d-83e0-1a8c8746d5ee,49.745447,30.669065,Blue,
98b25104-253e-4a3e-ad01-277ae31d5f77,48.849924,37.381258,Blue,
4d8bfcfc-27af-444e-9451-4eef6b5b9be9,56.850035,34.356611,Blue,
d8c0c617-bd08-4d0d-a38c-7eb153b1914c,56.595687,28.779987,Blue,
f1349472-eb66-4259-a3bc-b92b6ddd53f5,50.220323,33.235974,Blue,
f25c6e31-56e9-4ecc-b72d-05b8ffd30ae7,56.146401,38.406786,Blue,
e6ec3e2f-8a6e-48f7-9252-9015c4c7cf86,54.305406,27.367358,Blue,
348b1ce8-e152-4c18-ae67-70c2d02a2707,54.117407,29.130540,Blue,
445f7f06-9c2e-4d1a-904a-4c21b8b0b9c0,56.822245,33.432751,Blue,
c4bb2025-c50e-4063-aca6-4bd4ce02fdb9,53.158180,33.973048,Blue,
1e3a02a1-ccaf-462c-8ad4-862a1da523a2,57.515234,29.452960,Blue,
c1d44d97-200b-4fe9-8255-4e950aecec73,54.301137,32.858455,Blue,
0361340b-182d-4ab8-8caa-fe4af0d0660d,57.175991,36.725481,Blue,
e359c799-d6de-49f3-a694-0eeb9d4826dc,50.925370,36.379370,Blue,
995a8f1b-ff31-4076-9343-27b127a6707a,53.950990,30.206584,Blue,
a7f58245-b816-4dbe-80f0-05f2017bee93,50.142315,29.642576,Blue,
2b5db027-6184-47a9-9620-3a13f5eb2572,53.309083,32.886644,Blue,
9089a97a-4009-41ad-8253-e322238138ab,48.628638,34.199612,Blue,
89c0fa8d-40dd-47dc-9ed9-e2a3d931ae0c,57.612004,30.779205,Blue,
1cf8d307-ce61-4d03-b403-d73662673d41,57.718565,39.899685,Blue,
cf1bed20-3341-4bd5-9ced-46bdd658a238,56.166323,33.652912,Blue,
27bb2ae5-1e98-40ac-8618-8b412cf1fb5c,52.268584,27.636040,Blue,
ce4325b1-0eac-4843-b1a0-4fb863448e7d,51.958691,35.600982,Blue,
4000a0cf-f00e-4e6b-9466-fc8ee72caa89,57.598349,27.262333,Blue,
eb06d103-c427-4741-a5ce-164539e50e0a,56.551804,41.332365,Blue,
cbe4be1b-d896-4c2b-b86e-556f838e3b43,50.538620,33.086171,Blue,
d44e61b5-3a81-4d60-811b-b1dd48723ed5,53.643374,29.816046,Blue,
6390f302-b7cc-46ac-b21f-d4afd013e21c,51.062297,40.413204,Blue,
de9f5789-869d-4b26-8c9c-7d966594da72,56.777585,32.913581,Blue,
6bea801b-ef7d-4074-a2b1-3e5042962e0a,52.823039,30.314605,Blue,
7bafa1d0-60b3-4e19-b3dc-93599ba14377,55.509343,33.649385,Blue,
61ac56f0-da15-4d49-9bce-0396f9c07181,52.276997,38.575831,Blue,
8a33600a-8cc7-4aff-84c8-d9df18a822a3,56.940740,35.552843,Blue,
31814f0c-d015-426d-833f-7cbb8afc8d61,56.616399,33.332112,Blue,
07211aff-c90a-4d7e-a510-b5e388ee8fab,53.430716,29.893994,Blue,
c11c4153-da9a-4822-95b5-19bfd30421fd,50.064657,27.807987,Blue,
35b2f1c4-1eed-448a-8a48-6aebeabec0cb,49.900354,34.397775,Blue,
e404d6b5-4420-47bc-9987-86a34719d562,55.713953,35.731474,Blue,
69a3d93f-3b39-4fea-9923-c845623832f9,50.801438,33.417414,Blue,
e9ee0b51-8be7-4103-8e50-f81e1ca40115,57.319583,32.479494,Blue,
eee90a80-c6f7-4492-a58f-30d0ce520118,49.171898,35.717759,Blue,
1de38c39-06c8-46ef-85b5-37868b4df0f2,51.661103,35.261530,Blue,
c7d2e2c6-27ea-408c-8070-656d148b1de4,52.901287,34.957670,Blue,
b182a7e8-a379-44cb-94a7-32baac680dd2,57.490919,38.363836,Blue,
642476ab-aea9-4f62-a05f-b92cc217673c,52.494044,34.002865,Blue,
6246b26b-76f4-47fc-a5d6-72faa4de0bed,52.529015,38.963125,Blue,
b573c684-95ac-4f65-a816-453cd1db98fd,51.134386,36.661155,Blue,
3565004d-61d5-47bc-880e-e07f3f8d2336,51.631679,30.293842,Blue,
ed1a642c-d6c3-4732-afbe-bd3651ebf1fc,51.264874,34.297679,Blue,
e1afd49a-9bfd-4d7c-90ed-ae8ed7a894b8,50.589533,30.984728,Blue,
4e32d8d4-f1e7-410f-bdd7-b939962b7a02,48.664894,29.499399,Blue,
df6d9507-7cf3-49c4-a22c-e081b92ab202,52.387379,35.831163,Blue,
f2858039-74aa-4794-b8fd-7292a530ed73,56.819655,37.570464,Blue,
c02f7758-6fe0-4210-b97f-ac5f21005ed4,53.412089,28.976633,Blue,
a4e02946-6e32-4aeb-b092-fbbe95a0e210,49.094217,34.369604,Blue,
fa92eb83-2765-4778-80af-e1bdec707e49,57.637958,36.876771,Blue,
6bfe21a8-cecc-4721-9adc-8a4c0b37e151,53.630726,35.560753,Blue,
022be593-3ba8-451a-a0f9-ff57062e69a6,51.877496,28.686966,Blue,
fcccaaf0-400d-4414-8fdf-8f1eb6bfd6c1,48.330458,29.145960,Blue,
801b2ec5-416a-4388-ae82-cdf996d7f982,51.266208,28.358209,Blue,
0a19993c-282c-4558-9440-bed6a71cdf7f,51.335820,30.389525,Blue,
422d199d-4a69-4776-8645-6e4e25a533f6,52.624410,31.482034,Blue,
173d40bc-6870-43ee-99e7-bc51b256c096,51.695082,30.688726,Blue,
27ef5e07-92c9-4f5f-a976-86edfe33a506,48.305817,38.818787,Blue,
950fb445-cf27-4f88-b9e5-e3db9b15e2ce,56.275538,32.777929,Blue,
a54d36fa-87ac-4a22-86dd-2f236ce139a3,53.363414,33.946843,Blue,
44c655e9-e9d1-4964-9b4e-9f02b52d46bb,48.993722,39.265037,Blue,
a404620c-49e5-4a06-ac45-e04b818f35c0,57.171824,30.051385,Blue,
30f3e714-f64d-4c9b-81ed-02b51f5f5e43,50.735562,31.775919,Blue,
a649cf69-c4c9-4f11-8855-983ab51e0fae,53.757087,36.907207,Blue,
24ec26cf-9b44-4165-9f31-9e94ac730363,52.128364,33.626709,Blue,
14873ed7-b995-4e8f-9669-50c97a65b1f5,52.658094,40.170227,Blue,
558801a5-6edb-454b-b5ea-ff7da4804fba,57.310031,39.169290,Blue,
7f99f61d-bffc-4d18-b78e-4bcb9f38cb52,49.702204,38.723703,Blue,
f880edbd-2398-4b14-b222-5bd31bb2f9a1,54.493149,40.418782,Blue,
5c26da65-95f0-4cbe-b0b5-a0fa3af20f19,52.847235,34.016268,Blue,
0ab8e231-0111-428a-b615-73a078b4d16a,52.753793,27.992576,Blue,
242e2b04-4f33-4d41-98f8-a612afae3e9c,57.890172,31.078111,Blue,
c59a1118-d69e-44d1-b165-2cadc5164344,50.801529,33.496048,Blue,
4dfa156f-8734-4d16-ae00-7c82ce85560f,56.126263,30.716446,Blue,
7b1cccfa-9357-4cf0-a1b5-eb5ba2405c03,54.661858,33.460206,Blue,
3fe014c4-69b5-4463-bdb0-b657c821f463,51.185718,37.811540,Blue,
50775807-4143-491a-a591-03a7ec414031,55.208939,36.949176,Blue,
32143a00-525b-41cd-af3e-380159febf86,54.405575,29.043686,Blue,
b544db86-1f12-451c-8f90-4696737d3a46,52.381352,27.881744,Blue,
c0a8bbb7-5dff-4589-8ee5-0169ab63c665,50.748486,31.329103,Blue,
abf52fea-b9c9-44bc-968a-030439b48842,51.755089,36.233755,Blue,
5ef81dee-3f40-4f9f-8f3a-f5f534b970f3,55.526209,40.279270,Blue,
59ef601b-aac8-46d1-a7c4-5716063f61c0,51.444514,41.118338,Blue,
579f283c-64e4-4563-b329-ff3f7c0bfb24,51.035017,38.279391,Blue,
5f740f3c-f8d3-4571-b023-a395bfbb014d,50.112050,36.663502,Blue,
6548d719-ab9b-4d23-a378-4e66335d8ce3,56.989060,35.290190,Blue,
b7d09507-91d2-475d-aded-ea888bf96a59,57.555954,35.760878,Blue,
bec057a9-50fd-414f-9501-6b42b890e60c,51.293289,30.919973,Blue,
8b13769b-3e28-4958-a810-dd23c1b5a503,57.774169,40.310392,Blue,
b28f1cb2-e334-42af-b3b0-f5c41ea49801,56.977830,41.544589,Blue,
c017ba96-9e39-4d63-8837-f806a565123c,52.476469,27.610337,Blue,
f191fad4-320b-4254-9814-c182c3a70d85,55.118024,34.707144,Blue,
ab826ae2-0dea-4bce-8d12-065394efd814,54.371767,29.813793,Blue,
94a5468d-7d16-45b6-8ca4-03aa107018ba,50.878872,33.227290,Blue,
01282e70-d008-44b9-952b-832c8c218ba8,53.307005,36.438723,Blue,
ef4c5532-3572-4bec-8596-e5ccf9c030ec,57.876693,31.805155,Blue,
42855218-f287-41e1-a114-b7fa5a21fe62,56.188072,29.396714,Blue,
ea25071f-4d21-4688-a20e-7e176aa49141,48.955579,28.031769,Blue,
415a0521-66b6-4bcb-b9cf-cccf9991c4f5,53.386215,38.169592,Blue,
7524a493-9610-40fd-9fa5-a09cf7c110cf,53.932269,29.060559,Blue,
3ac21044-f95f-4267-8d5e-751cac025e83,55.576143,40.173894,Blue,
7105fa5c-3ccc-4ee5-87e6-9529e408de4a,51.477190,27.660397,Blue,
390b535d-8b01-40f8-b6f4-5ecb5a2db972,49.728732,39.466490,Blue,
7e75059f-5f0e-4ff9-841b-b32606330be5,53.338400,34.342998,Blue,
88cbeb60-19ec-439c-93ab-550f356e2a4d,55.828811,39.022413,Blue,
3b31f110-a3cf-448b-b2f1-fc5ce56cc919,54.560193,36.980149,Blue,
79ea6e30-b4ef-4d15-8e34-977b4cce35da,56.642963,29.025766,Blue,
36bd5a62-afa2-4441-a0ad-af568448c660,52.529924,34.496831,Blue,
165b94e0-3169-4bf6-9106-7974c4fc155d,55.310408,38.256333,Blue,
09178d1d-afdc-415a-a616-426d6b1a2904,57.804436,35.995844,Blue,
982282bb-09a3-45a7-91d4-47a08b0e35e9,53.200931,36.155190,Blue,
544a68cd-0c5e-4e7d-ac5e-4c1de9599ca4,56.338878,35.395390,Blue,
b48d7e29-9bbc-4080-9a73-a9434f2b89b3,56.870705,32.978888,Blue,
a7cbb2c8-0cd6-4ff2-a85a-a4fc6302933d,48.737259,38.227016,Blue,
bb862326-f650-42e0-8141-8b9afcb9c7f8,49.650088,36.251047,Blue,
eaba826e-f449-4ebc-8540-a2893e0bd9c2,53.316392,37.576256,Blue,
e7c5934d-ce70-4498-a60e-e527b6ef57af,52.165119,32.398950,Blue,
76de5896-f1b3-4348-b5a3-3551d9232150,56.825271,38.516148,Blue,
872b9e84-6bce-4e6d-a1f0-76be93017cc3,56.851743,35.593696,Blue,
de1b990c-dbd7-4862-829d-9a31be60acda,49.556725,27.616419,Blue,
d8535def-ee8f-430b-9844-7fae4bee8cdc,53.573198,40.923692,Blue,
9d36ad58-c69b-43f2-9e72-d8d5ba8fae45,53.363021,36.672494,Blue,
f3795e74-fe67-4a66-889c-fca9357c6f09,56.495678,34.686066,Blue,
a92fe1bb-5a6a-4438-b23d-9ecbe79bf8dd,52.659776,34.332786,Blue,
6b028c8f-ed21-4f2b-8a29-8c5c030c4dcc,50.355053,30.253309,Blue,
8708495d-944b-4b36-a537-f6e04b0c186d,57.988021,32.588706,Blue,
93cfb897-ad61-43b2-a216-62e82ed0bbd4,50.109330,41.342682,Blue,
a6a68922-bcd1-427c-9222-42efc2c5e1c2,55.924538,38.813962,Blue,
4ffed9eb-7a98-4c07-9284-7f84903c47e4,53.145539,30.167415,Blue,
cd6cb077-c415-4d3a-b267-ffc9727ad4f1,49.366731,38.725864,Blue,
4716cf1f-ff5c-4c36-99d0-d1b9432b6e59,49.308664,32.425105,Blue,
8efa554a-4976-4371-affc-f859d542311e,56.989998,31.310428,Blue,
464b6a75-da1f-490e-9e3f-2fedbdf66733,53.363046,32.661392,Blue,
b264cd2c-8e3e-4cb2-b1b6-ad5fcbe51f1b,50.562629,31.537411,Blue,
ea11a209-0ba8-4261-b753-188073823f89,51.002991,35.918169,Blue,
6d4c6670-60a2-4da9-bfe0-3af18e2f3f83,53.633369,27.305435,Blue,
46ece866-24ae-45e3-9c30-99703d073ce6,49.625486,29.251749,Blue,
d9257c27-ff57-4729-972d-80056c1c10c6,48.382630,35.358888,Blue,
d1f67405-f63f-49bc-b082-31a27051d783,49.843588,34.519915,Blue,
42f19227-bb02-4afd-8318-f122457d20e7,51.776809,38.516340,Blue,
c60afc41-66a1-436b-b3d3-339556fd713a,52.835488,28.790185,Blue,
12255ff5-4514-457b-a1ff-faa70e28021b,56.054326,40.921592,Blue,
ade32f59-9ed8-475d-88f4-459df576f50b,48.255806,37.968307,Blue,
8b1cab3d-19e7-4b8d-9129-9c7a4e8ee7f0,49.678223,35.982403,Blue,
3b298f2f-91b2-46f1-b366-215ba5b9c257,53.361919,40.151444,Blue,
fa437874-5832-418f-8345-964462104a9d,55.844504,36.578890,Blue,
6198a9e0-f296-4106-9c28-d7598df52514,54.700990,30.217624,Blue,
930c08fd-79d5-47f6-bace-886ef7b9e69c,52.965808,35.367053,Blue,
6bdbcedd-b121-4196-93bd-d6869715bd12,56.079399,37.112872,Blue,
26c8ffa5-a186-4b74-b574-e002d03c32c5,54.600781,28.242543,Blue,
7846bbb4-214b-4413-add2-07e4f84bbb81,49.408982,36.990300,Blue,
879f09be-2593-48d2-8674-efe2e91bbc5d,55.912864,38.331506,Blue,
683d2689-9d4a-4af2-b907-d622eb1735c8,50.175736,27.965729,Blue,
f69337ec-0a68-41a6-9f2e-00f816f59149,54.410031,30.314971,Blue,
7931611b-87e0-4118-9f1f-58e173d6eeeb,53.582185,34.392996,Blue,
24185d8b-a8c0-4545-a3e5-5f449e3bea3b,49.884043,27.665210,Blue,
b3127ac9-d6f3-4d13-9377-84b91012a16a,54.735879,35.207557,Blue,
350bc3cd-9d5f-4709-822b-bb71958f2c49,52.039389,33.318844,Blue,
2c2dec19-0bca-4e3f-9225-a165126e5e50,55.466269,29.792538,Blue,
d385b512-2314-4855-af03-bdf75f64c17c,51.644151,39.384675,Blue,
f0ed5a11-d95b-4160-831d-e4f0473c53db,55.636613,27.368871,Blue,
216e6fda-b467-47ba-9c51-fd745b1ab7b7,56.619184,35.378275,Blue,
62345dd1-19c5-46aa-9463-2b9eaa523757,49.484301,31.431612,Blue,
b6df557f-53a9-4cde-8f76-ab29b6c2413f,49.583215,39.291933,Blue,
8947a1f5-be5a-4b1e-96e0-34b5c83917fb,57.514355,36.078854,Blue,
8b195b31-1063-42ca-8fd2-9d1623342245,53.194999,28.052278,Blue,
14940a83-0e2b-4f7d-9d60-1974cae7bce5,55.657240,38.942444,Blue,
ed1373c1-38c1-4c7a-a33e-31bf3eeda0c0,54.914893,28.408687,Blue,
061180ee-dcb7-455a-899a-b15149dab32a,54.707193,41.274988,Blue,
1dd6f3f7-1ebf-4f03-b8ab-54a42d23627f,57.269585,33.396986,Blue,
795b8dd0-bd76-437d-ae86-35cf9d609e66,49.331669,37.025740,Blue,
df5b2ca3-efe6-4226-a278-37d418c3a5de,57.334787,32.009697,Blue,
febd7e12-c876-419a-b2e9-b09d80a82896,54.235691,29.582451,Blue,
0c4f37cf-f012-4219-92d6-e0f5b5f2de54,55.922815,39.210077,Blue,
44678d24-8e22-481a-8924-61c8ac86d75e,52.123281,27.314539,Blue,
6bc5db5e-2724-49bb-ab07-c93ff9c78c4e,51.992865,39.196328,Blue,
1a4d57ad-51b5-42cb-ada0-d4ddaa25f844,53.901912,30.622249,Blue,
f84481fe-4a54-49bb-ae6e-be356c7ec498,50.994126,38.994832,Blue,
64bae02f-e3cd-4626-8e45-4aca6244bcdf,50.126051,38.941460,Blue,
eac241b7-85ac-4264-be4f-d663a736c826,48.658405,37.728416,Blue,
6bcb3d32-5183-41fb-9c62-c10f36bfde1f,51.530856,40.938211,Blue,
8439aa1b-4ce0-4fc5-b828-3bca3da03dbb,53.500669,40.025539,Blue,
2edde5ce-6684-4892-9d37-c5cd226e2c04,57.715906,27.402887,Blue,
8487213b-71d6-4a61-ad6c-278fc580a306,55.072411,29.007815,Blue,
0362fc5e-06b0-4cb3-92f9-e3a9d1352cc7,57.677656,32.277640,Blue,
ae3142c5-1ebd-493d-9219-e945373dce9a,48.632439,35.399761,Blue,
1c4e9641-fdb6-416d-bcc6-ecb75ce871b4,57.652443,27.277212,Blue,
2e381a1a-4e44-4897-9be0-7c330cbf2905,50.951949,41.476022,Blue,
efff2e6b-482a-4828-aebc-b18f566aeb3c,57.073182,35.678474,Blue,
7299a7a0-526d-4df8-ae88-aeb272a3b33c,55.413969,37.124094,Blue,
b208a137-aa50-4653-b8bc-7ae379751e7d,50.972241,33.242888,Blue,
777a2894-98e7-4497-8120-e9dc9bcaf8f4,49.474373,32.519948,Blue,
aed78ef8-f902-47c7-8727-826c423fefce,50.042001,37.363918,Blue,
ec470618-5538-4e79-b18c-b243f456623e,49.693061,31.364839,Blue,
97fc194b-49a9-4c3c-97c6-63339f73ba73,50.619745,37.816824,Blue,
6fefd08f-37e7-4fd6-b78b-1a40d30a1523,54.434957,27.870380,Blue,
bedb10a6-67c5-4b44-9c8d-2a5d8d007b41,51.613955,34.441328,Blue,
9663677b-b387-4088-8831-4537aea2871c,55.837563,32.672770,Blue,
6f8959a3-9a65-41a7-b484-2503790c6d73,49.306381,39.470979,Blue,
058bfdb9-7ffa-405a-a3c9-6a423eb7309d,51.772491,30.850195,Blue,
bf4ce1a2-7b5c-441d-8b3e-b393dd2f628f,54.695369,34.962804,Blue,
cc422b55-c3a3-4231-9130-1c4757ad0dc5,52.991820,31.792180,Blue,
afe49a7b-9792-4da1-bd9e-581fdb58f71d,49.321840,35.922047,Blue,
48eee24b-f41b-4d72-a24d-b569c1a6ecc5,54.899123,29.604890,Blue,
2a72d5ec-9d91-403a-9e9e-d40be291023f,57.397420,35.613427,Blue,
521dfce2-4b9a-420f-9774-2b9a406a1a6c,48.301736,31.056428,Blue,
49e9fc99-0657-4a55-ade1-099566dff24f,53.015155,37.228069,Blue,
dfbca1df-286e-465a-803e-2d16d9ec943e,51.360286,33.352577,Blue,
3e900347-2467-44cd-9a34-10d616c9f1db,54.521271,41.512589,Blue,
7ef79871-60f6-4c6d-a369-59fc2f24310f,52.424947,30.482309,Blue,
4bda741a-f250-450e-93cc-5da794879de8,49.883927,31.334295,Blue,
43553726-8f4e-45ca-be04-6ecaf46a32e9,53.180838,28.976145,Blue,
b9e6637c-6424-4819-91cf-9b629d6da3de,49.362276,40.778160,Blue,
49cf3c04-5ac9-45da-a932-7511359f5542,53.798706,34.556045,Blue,
18113958-6628-4d93-bd13-d90feb0288e4,49.042960,38.725503,Blue,
3a5c5902-eb4a-406c-8bf5-64497f2809c7,50.226023,38.939370,Blue,
2c81413f-af6a-4090-8032-4a4c5fb7965e,50.122386,35.131650,Blue,
7bfd3e14-5b1b-4785-bd81-9dc5cb1d6c2d,57.326473,36.903061,Blue,
9835bc54-a9a5-46d3-9ace-b0102d06e8db,52.924967,30.269775,Blue,
16607472-b28e-4e50-a0f2-eb37ceb6d838,53.419826,28.918553,Blue,
8b7a7e81-1159-414b-9a77-9edfde7e18d1,51.231148,34.152841,Blue,
17584203-17a2-43d8-92fb-7b34e04121a5,52.861557,34.123566,Blue,
97de9cc7-23cd-41a4-9695-dcd2658a746a,50.064053,34.593328,Blue,
ca35812d-91f0-4503-b704-3ad980a240c6,57.160392,34.410644,Blue,
799f93a4-bca1-4f0e-93d8-f7505f0b3f77,52.166214,28.336193,Blue,
6f045942-b57c-4b21-bc68-182b074b3518,50.759276,33.834522,Blue,
4cbab638-6c64-47fc-868a-0fdef12020e0,55.039137,40.732211,Blue,
88398e13-8565-4bb4-8a75-fa29570fcdef,48.704658,37.583044,Blue,
d89eae0e-5305-4992-96aa-0deedd0ca9c8,48.763635,38.029024,Blue,
c33a9280-7688-4eff-8d59-58258523f415,54.326763,39.947539,Blue,
ce04cb8f-e48b-47ad-a74f-be816b9b36ad,51.313225,35.130857,Blue,
c4aaed00-afe0-4d0b-b7b4-a26ffe5a0656,56.154416,27.600313,Blue,
d9f5da00-116e-4c42-b0ce-80f75650f2e4,49.123525,32.635310,Blue,
fdeccb7f-caa9-4cba-a652-32cb6c5c8c77,56.316315,28.173708,Blue,
31983904-962f-4110-b798-da1d1923f8e9,57.064338,36.225231,Blue,
a59e29a7-9250-48fc-ac10-e39bb20a730d,50.694908,39.627456,Blue,
02b18426-a7c6-4317-bbe0-223550b20c32,48.243897,31.473397,Blue,
8bc2e002-09f8-4759-979e-e76aec111483,55.507871,29.404771,Blue,
e4be1f28-088c-4686-9728-8bce707c8b75,52.586616,39.579959,Blue,
775bd73d-1de6-474f-927c-d0f61896a589,51.507293,36.741022,Blue,
d153e4ac-9772-4c89-9601-18baf94c7d29,56.856949,38.095897,Blue,
4e18fb1b-6928-4c3e-a34d-5e896b07cd3e,51.911870,35.291141,Blue,
4c8f1cfa-cde4-4ae9-ab23-958ce87816f8,52.930253,38.042809,Blue,
f5593114-fc6b-48c0-8af3-562b359ffec1,49.565789,28.053982,Blue,
eb3d955e-8214-41b4-a8a7-224b47f5eb63,56.023577,40.709995,Blue,
c68feb5c-5887-4fbf-a77e-3aca8529a213,49.850547,39.881303,Blue,
03bcdb1f-fed7-4fbc-a47a-83a91dfa97c4,52.638640,40.275976,Blue,
13b62c44-1027-434c-b9fe-c6e283723224,57.612521,30.936490,Blue,
ef34c487-9de1-44f6-8585-bb857c3b2591,48.750808,39.796053,Blue,
da04e743-bb0c-44f8-9708-5f58f267ae1d,51.199495,29.619505,Blue,
6e9ce2ca-1cc2-4d32-adc2-cdb47917f957,54.965363,27.363149,Blue,
7415cc55-ddd5-4b8b-a3c4-c3fb56ac2514,52.174410,27.775441,Blue,
e595d443-69b7-4b2a-804b-86c2d814b72f,56.001160,33.000549,Blue,
ef213b3c-d9ad-4e7b-8924-e7509d787b6c,48.353629,38.957639,Blue,
2fa9d636-40f2-453f-9534-8abd072eaabb,56.288029,36.334074,Blue,
e019e01e-ddff-49bf-8626-a897bf2ac473,55.787745,38.901459,Blue,
9490ff0e-2f1d-4ca2-bf1c-b58886e3aaef,54.127213,30.483815,Blue,
4b5987cc-6fd7-48e2-a588-1e1d9cb91788,50.013641,39.448902,Blue,
f38f63bd-4ad6-4fdb-ad60-912264afaf58,57.128294,41.222548,Blue,
a7d07b4e-bc3e-43c7-92d2-693d0dcd432b,54.271735,35.317724,Blue,
060d8382-dd1f-431b-b021-9ca97aa30d59,51.139031,29.446256,Blue,
f596e324-18ec-46db-8606-56f45c6fa425,52.322619,37.146806,Blue,
502a2104-717d-44af-b4d3-aa93835e0f4f,51.008194,38.755733,Blue,
dad4146c-533d-46a8-b3de-b1adf0dd6266,55.968418,28.493834,Blue,
dbc5d5da-2f94-447f-8a6f-d2d902f03f82,56.985074,28.155963,Blue,
9df35f51-5328-466f-bf1c-254bbc2b3790,53.578831,36.602132,Blue,
e4884f3e-c7e4-4f60-b730-7711fc98725a,54.756067,30.671913,Blue,
123a564c-2087-4c58-ace5-a9b84d5937fd,51.237410,30.970395,Blue,
8809d314-0ae2-43a0-8cd4-9f099bc8f385,57.566546,32.893117,Blue,
083e1e93-4574-41ee-a1db-cb5184455ff9,50.113930,40.559890,Blue,
0f9bc72c-2cea-43d5-ac8f-7495e6e6f20d,52.915764,29.893391,Blue,
1bdb2e81-2a2a-47fb-a9a6-032146b29eac,52.629082,29.051682,Blue,
1822e43e-7225-42ec-a900-405e2d8373a0,48.607448,32.798549,Blue,
92c95e4e-2b53-4e14-b8e1-431f72a88261,53.270256,34.354658,Blue,
abc0d052-327e-4cbc-86b2-4ae90219b4d9,51.279571,35.002731,Blue,
915d8f58-72c1-43c7-b49f-353c6a0149ab,57.097887,33.918215,Blue,
b009c5e4-5b8f-4d0a-8171-c6d3e4e08e52,53.794621,40.493614,Blue,
1a182af5-fb1e-4fe3-bdec-3638adcceb4b,52.102804,30.745199,Blue,
8d6143bc-d0f6-4db0-bb14-d96aab76f93c,54.359574,34.419336,Blue,
485b298a-938e-4e04-9d3c-c15be89838af,55.572742,31.545946,Blue,
2ce59c70-807f-4fb5-8820-0bd1451323bc,48.674558,35.947554,Blue,
1d9c623e-4e9c-41c5-a86f-8a1e0c5f1b08,53.884643,37.520676,Blue,
091d9a5e-fcb3-4616-bc7a-13e8863a632f,55.762976,31.032854,Blue,
f62cc0da-373a-43bc-9e7b-63e774c0ae1f,56.289678,41.381591,Blue,
3179589e-7660-4bc0-94b3-a3ca5dbdc2e6,52.461810,34.678304,Blue,
0bf5b2db-54ae-4e56-9cb3-5de9bc7283a1,49.151693,30.230580,Blue,
32868f78-833b-4b1c-8c71-679e0d5d5b9f,57.654642,37.923225,Blue,
e9853f81-f53c-4dc0-be29-b48e61fffb9e,55.875934,32.340410,Blue,
8dbe9f18-2673-4365-bf94-ef6b5fe7f11a,49.674861,30.593880,Blue,
70722ae8-836a-4a77-bfab-ce56b9be18e2,51.537439,31.466625,Blue,
980ca123-e764-4b09-978c-c5be4d753d82,50.742616,40.568354,Blue,
37f75430-2f2f-4895-ba9d-9b79d19219db,52.787637,37.063509,Blue,
95633c55-8337-4c7e-974d-97050e168553,52.856530,37.959654,Blue,
02b951b2-6c6a-4f83-b66b-13d099c61b04,49.160213,39.580892,Blue,
691045e6-708a-49a7-afdd-f77cb0243167,48.575961,33.042941,Blue,
eac5f02b-62d3-408e-af98-2d6bbf0cedca,54.358137,37.345269,Blue,
75f4e5e7-39e3-4878-9661-cefad5771aa9,48.968362,37.296697,Blue,
6781308c-67fa-4afe-b2e2-9881c4ea5d9e,50.739452,27.357489,Blue,
cc3a0e7d-6b8f-4399-baca-3a28b39332c0,56.182363,29.942583,Blue,
4c831c00-d0d3-45eb-87d7-35f45c508628,48.274746,27.458324,Blue,
fa446fb7-303f-4460-a8cd-b0a68d52b4f8,51.565479,38.739234,Blue,
14c7a151-5093-4922-9e08-e4fb42be31f4,55.373576,37.409165,Blue,
096d0b32-be33-49d8-9744-3b56e3625e37,52.943748,35.350017,Blue,
e06f6487-7208-4d1b-a75e-a11e6ae1c216,54.083839,31.553843,Blue,
5f047703-578f-4cf7-94fb-b941ef7afd3d,49.192626,30.972371,Blue,
4340992d-94ee-429e-86c7-4c1d7023f269,49.358569,38.712470,Blue,
46c49736-6f7a-482c-93a5-a968195d377e,56.714794,36.049199,Blue,
0445a8b9-79d9-45e9-9149-e1b727c13464,49.762289,39.826620,Blue,
4cfa1830-1f3b-4c49-9ffb-5cdba144b34c,53.062433,30.549493,Blue,
ed3b1c92-fd3e-4ff7-829b-af086a4593d3,53.728142,37.253240,Blue,
6bbb071a-2a78-4bf3-92d7-5e2f1b0604f6,53.121819,36.870350,Blue,
21dcb970-8201-4c77-8e2d-cd42dc4e7d6c,54.580826,41.124800,Blue,
48528606-382c-49ce-97cd-1d0223870dfc,48.676277,38.333331,Blue,
2118d7c8-a608-4203-9919-ab9d6a993186,52.247295,38.713901,Blue,
40d8d358-6dd2-4a5a-a2ef-ba966b856875,50.362969,30.560447,Blue,
3e13d860-ab62-43fb-9313-c88acf017ebe,51.220139,27.219031,Blue,
9c21b6c1-1bfd-42b2-b2fe-2f337911903d,57.856614,31.596637,Blue,
f66c7606-ebc8-4fad-bca8-0c8ac7132977,56.457917,32.210250,Blue,
4642c2aa-0ba1-4c63-a46e-6da2bf8c4644,51.585831,32.676809,Blue,
e8c26ed3-2f0e-492f-99cc-953405cb370a,48.691009,28.336857,Blue,
e710166d-d4d7-40ef-b6a5-da5fe1bdb76c,55.203418,40.452596,Blue,
d979c233-42ae-42d4-b12c-a4b7afb5e966,51.754024,40.008564,Blue,
4f5db455-4127-4274-89ac-d0e85241630d,53.663892,30.041399,Blue,
81ff1913-b1b8-4616-8b8f-db0ffb31089a,52.314364,39.143156,Blue,
bcd48462-6552-44f3-a45e-2ebb5279e97f,49.961869,29.959719,Blue,
a306c37e-c536-4207-b026-54604ea3c7ff,53.228060,35.920049,Blue,
ef3b8a36-8231-47ca-afdd-5cff5b17ee40,49.108241,37.967506,Blue,
4f045d0c-3982-4e1c-b04a-06e237ddbf03,54.487993,39.713893,Blue,
4e7b4aff-6e5f-4306-83d1-3c28a33be1a7,56.265381,35.798136,Blue,
fcb0f933-74c6-4abf-a22c-9b728eb21741,53.124671,27.753029,Blue,
0ed62195-5ffb-4652-8fde-3df737484ebc,56.774641,28.638162,Blue,
fa1c5c2e-ef4a-499f-8ef2-2043620624a8,49.864466,29.563244,Blue,
c1d2e4c2-093c-4cd3-abd9-145cc66c4fe2,50.545708,34.857101,Blue,
46419c6b-20c8-4b63-b09d-7e7f9f1b657b,53.597763,40.822178,Blue,
d6ff58e9-0923-489a-b112-da26d0c9be9e,56.878666,39.767703,Blue,
502a4711-40a5-4141-ab6d-75c80d70b08e,52.622933,36.172753,Blue,
daa32898-ac8d-4bac-8a17-33246bb5b330,54.971236,35.660537,Blue,
1ae67759-3c8a-471b-9f06-0e773e826331,57.131648,35.569955,Blue,
1634a75a-8810-4107-a0fc-6a5a1e3f8660,57.177679,33.834827,Blue,
78a2b325-e169-410b-a552-fe8986776de0,49.888040,29.467342,Blue,
57bf04ee-a27d-4a8c-87d4-e84e9f1c1cc0,55.171953,39.882928,Blue,
38074902-66de-42f0-9bf2-3d22d6b7858a,51.789176,33.559795,Blue,
aa230dd6-ee30-4582-836a-52f9f66e83bb,55.509986,40.537471,Blue,
490d5ab2-2d97-41af-bb65-582d01668069,53.295782,36.056286,Blue,
aae14a3d-39bc-4bb8-92a6-f45c6f7d2a99,49.091947,41.432060,Blue,
f4ce9256-dee2-45b9-98bb-1bf6fcd61066,50.311899,37.812537,Blue,
d553a456-49c9-49d4-a1de-f74ee112b40b,55.319916,33.086152,Blue,
bc5c645a-0ba6-441d-8b5c-d58875260284,53.645200,35.102680,Blue,
ffab7964-60f1-4b6f-ac6c-2a933533c41c,51.029667,34.961497,Blue,
00f48dd1-1c90-4af5-a9b3-ac9553145e86,53.580324,33.608271,Blue,
829cd52a-acb8-45f6-9432-0c530b745228,50.529717,35.998062,Blue,
bd5f7ee2-524a-4514-8f7b-71e763862e4a,57.308471,31.391514,Blue,
9ac7efda-d963-4064-9d81-0eedfa656e19,51.334398,29.408464,Blue,
03d6739d-ccab-4efc-b98a-ae481cf70667,50.449356,34.106187,Blue,
b2d9a3e0-e0e9-40b4-ae7a-1395bb25dfae,50.759256,39.447544,Blue,
40296ba9-cd5e-4250-b9e0-91ae4b611491,51.357127,34.962422,Blue,
51d9d35d-5b06-4d9c-a15c-fd7c5685fd07,50.749956,36.060231,Blue,
536c5943-d4f4-4ba1-b4df-1a1813a685dc,53.775877,38.558382,Blue,
4b45977e-28ce-4687-977e-d8627991f6a5,55.138289,36.341059,Blue,
32a2e3ac-5044-403d-aee2-4af005d5b2c3,56.201433,31.017738,Blue,
42e90e31-48a4-4ed5-a352-ee66213425ae,55.537258,33.084052,Blue,
2f8744bb-8d12-44de-9113-c889c4f3bc28,56.936125,28.342312,Blue,
9f1cc651-79de-47ff-8b65-cdf9b1b59163,56.566928,30.352176,Blue,
8891abc5-0147-419a-969e-ae13de2ca79c,52.266753,29.008220,Blue,
37ee8974-8c80-41bf-929d-8808325f45f0,53.742801,41.112463,Blue,
62bad279-1622-489d-acac-55f0cf311444,57.565890,39.829407,Blue,
92e065a2-4aa0-4c7a-94cd-50668110e4c7,50.255436,39.841143,Blue,
2abe6d60-2cac-47bf-91de-1a79ebd27b8a,50.469529,30.176176,Blue,
cb3d20a0-436f-4576-9641-9fdc118fcf75,52.902080,35.008467,Blue,
81a9ec1c-cb8c-44da-ad66-a691f2f82ad9,50.991803,38.028450,Blue,
1ad2baa2-e2b0-461b-84cf-d2e50087ccbf,57.064074,27.948090,Blue,
e54cb96d-d002-4c28-9497-3e479f3532d5,52.450410,40.014169,Blue,
b61506fc-47f6-47f9-914d-de2a093b190a,55.919186,33.993809,Blue,
75bfad56-e908-43ce-a547-319933468561,55.802859,30.145146,Blue,
8e2b4262-e359-4a45-9769-e4439566de7a,50.295942,33.400230,Blue,
5efe78ed-b0f9-4480-8b9d-ea6c431f5655,49.530426,35.783184,Blue,
7c3df481-5d59-4d08-8116-2b03922727c5,49.243931,37.083377,Blue,
1fc5e551-c9da-47f8-8500-6d9ba47b2dd6,48.274387,27.664753,Blue,
d76665b6-ce80-4620-a0de-fc69ac2f1425,48.232879,38.438758,Blue,
82b8e2b7-0786-4bb4-82cf-f033c3a0d022,53.066555,39.406789,Blue,
c5646202-948f-4001-8f32-68de98cf887f,55.471785,33.330230,Blue,
b6f819b8-7be9-43ff-9795-775182af3d51,48.914979,35.670146,Blue,
23c493e3-d5c5-4a51-85c1-a9dc405379a0,57.349923,37.367733,Blue,
e6af66bb-607f-4bba-ae2f-ac483bb0a904,50.174877,31.770314,Blue,
0f32d7a9-4fe3-46df-9eab-95295be59567,56.946514,38.675411,Blue,
cb2e7eb0-1eb0-4b0c-bdeb-01f4b65c19b2,55.938978,36.275735,Blue,
65c65b7f-5cde-4b09-84b3-fa8d1f7685f0,49.584713,41.207863,Blue,
fcaf8244-bfae-4055-9b84-4011e3baa9cf,55.906893,35.750322,Blue,
c073844b-991e-4482-9849-a321b277ac4f,55.087831,37.093675,Blue,
35bec078-7bd0-4280-935d-9957ab1725b7,57.709022,41.074437,Blue,
38b2d182-dbd4-4f2e-a4e2-5fa0da537798,52.293608,29.145389,Blue,
e8f05451-fc3f-450d-8cbe-43efeb394a23,57.003542,37.933768,Blue,
632bdf7f-d9bd-4d4d-bc36-046ee1cc3893,55.351375,34.323441,Blue,
0e99136b-4bb6-4ecc-a49e-6c7799e4be49,50.462954,36.049582,Blue,
130c1831-6bd4-4be0-a7ee-f6f42820e6f8,56.870972,36.000524,Blue,
30c13738-5d86-4de5-ba3e-1e59a1024687,53.117827,30.706250,Blue,
86abbe6f-d75e-4e9f-9215-c18b17608e1f,55.559135,35.355683,Blue,
c8fb7468-e6a0-40fb-8fcf-d6946f69ab8e,53.886457,40.663043,Blue,
4aa7291e-040f-45a3-8fd4-7a2e99e23640,51.522597,31.060961,Blue,
8f94b381-a6eb-4a6c-bd92-103ec2425585,49.464293,35.868523,Blue,
ad258635-ebbc-417d-bc7a-0a3e03dd6867,50.631571,41.120094,Blue,
bfd0c15b-0fa9-406e-a1f5-599159b1f000,49.472784,28.239787,Blue,
014c2f19-8dcc-4bcb-a6b3-7cbf7ce03474,52.329816,30.772132,Blue,
c4fdd434-e2cf-41d3-8fbf-d651760d498c,51.885021,28.017173,Blue,
90382430-f644-4b33-b856-a4c2e6904b80,49.861304,31.294387,Blue,
7b0f599c-b855-42fe-95ac-12e0ee2c7f19,52.443750,32.159206,Blue,
2d21015a-97c0-479e-94a2-53929e190fc5,55.905671,27.195161,Blue,
6747af8f-266a-4703-95c6-f9095f39c36c,54.949990,30.433501,Blue,
2cb9d13b-ff67-4140-8e4e-c3dfc4aa4ba0,57.561594,37.045204,Blue,
bb0760fd-d7a2-41ae-8578-6991968303e0,48.932004,32.572076,Blue,
1b64e98c-c865-4a29-9b68-87cadb8b3040,54.367496,37.988396,Blue,
c51cbfe7-1c46-4622-851f-e23d5cefdb30,48.742048,36.238546,Blue,
c10b3f3d-0abe-4a54-affa-90baf6186dd8,50.562407,35.049386,Blue,
70db87ff-bbf5-4722-966e-7e0966924654,53.498755,40.184156,Blue,
a9730f1b-2f40-4a03-965b-b6cd29471ec8,56.762873,33.725962,Blue,
8a485190-8215-47ab-b9af-0545cf169efe,48.956521,36.290201,Blue,
5a93154c-c83a-4d4c-afc0-71c6c3f96577,55.146280,28.587121,Blue,
ad536ef6-b278-4e40-b41a-fd09b776ec60,51.923446,37.584634,Blue,
378d76b8-1c7f-43e9-9483-1ebc6511a9f8,51.649304,31.346747,Blue,
579278c2-e0e8-4a9b-b084-1d32ca76426a,57.925678,30.428951,Blue,
f657d04e-b4cb-4945-8ac1-5be7ca0513ca,51.655305,31.651978,Blue,
95574f07-c1be-4a84-8388-557747e5f952,51.256464,41.212354,Blue,
3d75a02e-dd3a-48f1-b1de-078698de4e72,56.030565,28.601752,Blue,
3b217586-a4bb-432f-b258-7175aacf35bb,55.836871,31.890109,Blue,
9ddbe150-8f5f-46c1-958c-89c18d16db2d,51.303862,36.854524,Blue,
33c17458-2283-436e-9b5b-f36c69de3675,57.011930,29.809299,Blue,
1a3ea4a9-0220-4f50-934e-55dbd223812b,56.254056,37.390165,Blue,
4dead75f-61b3-45c1-aeb1-b599a24bfeae,52.417885,37.008539,Blue,
5217be6f-7960-46cf-ba80-cda1a710ef94,57.046258,33.940652,Blue,
9d9068ac-9150-415a-8cda-5c545d686556,49.455768,31.317016,Blue,
031eeac5-7058-4414-8481-8778eaa03df6,56.516222,39.003813,Blue,
5f147d34-d782-45e0-ad64-4da251a9c85a,50.346247,29.031295,Blue,
ccc91ef2-55f1-496b-96c0-14076806cb99,57.179547,29.943859,Blue,
00477290-e3ce-4682-b3e4-81532437d627,53.181025,32.461115,Blue,
e40c3006-b142-4a85-aa2c-5f9f8f4ed91f,51.919130,37.361327,Blue,
9c297830-b647-4740-8795-49449d36620f,52.919766,34.797117,Blue,
4103f231-1ecf-4fe9-8445-cc1e92e51996,52.148546,35.517628,Blue,
3ae21956-82aa-4f5b-8e49-6ec73167ddf6,49.270862,27.375028,Blue,
2f618b54-98af-4bde-a934-8fa436ca2fcd,51.346892,27.669734,Blue,
0589561c-0910-4e4d-9224-ef729c639bae,53.874144,37.841198,Blue,
1734d451-f54d-44ec-a801-8051f6ecd34c,52.615292,28.827292,Blue,
e9bfc0be-9bb7-4d17-9028-d6c472d94968,56.375573,31.217994,Blue,
e8a9878e-0454-4dac-9711-7140ad7283d0,51.282279,30.483036,Blue,
5b541e66-e0e9-40d8-8f6d-fb60159b0ad6,52.189506,36.207797,Blue,
55586ae4-32cf-4116-8d25-ca3a5c2083a7,57.930914,31.401692,Blue,
8278bd99-75ae-442c-ae78-8c3225b32c05,50.083693,35.305787,Blue,
ce33df46-a23a-467f-b281-0ec8111b6aad,52.635926,36.505021,Blue,
3d9dedd0-622f-44cd-8455-aef23d0d36f6,51.023934,29.676499,Blue,
473c503c-8062-459f-817b-a3a090b4fc9a,56.756219,39.033618,Blue,
1d2f63d5-a343-4bab-8aea-29d4a1f05a7d,52.425426,28.215158,Blue,
67b46b40-81aa-4a91-8e92-7b7d6eaf4b57,48.355492,37.281989,Blue,
fc963e48-5f00-400e-8eb7-045f1d218de2,56.100811,28.731318,Blue,
0d74dd6b-f3b4-455a-88e2-bae25007e207,55.014988,36.310698,Blue,
6e95a4ea-cf49-4d89-a756-8c36e2c33436,51.957638,41.011715,Blue,
aed4bcb1-1a8e-404f-bb14-acca4896d208,48.538567,29.023975,Blue,
f64cd579-dfb5-4263-b45b-8e9766ccccfb,49.768772,30.725112,Blue,
a50bcc3b-dae7-4dee-848b-885aa7bc467a,49.550944,32.131569,Blue,
964c0372-fd6e-4d3b-a96f-910b45a4d6a7,49.604940,40.231875,Blue,
e7faf76a-8376-4bcb-a3d2-a6a879697204,52.077916,37.604039,Blue,
e8881064-f4da-4316-be3b-0b6b931e34ba,50.506398,28.364984,Blue,
3a706628-9092-4086-a837-7a0acf802e0d,52.043314,35.331224,Blue,
1578b211-67cb-4165-9c38-9f44670156ad,54.298178,30.780940,Blue,
941969d4-680a-4286-a31c-bcd0fcbea8bf,55.954560,33.496037,Blue,
56db22bb-7de2-4c6a-a105-fe145cd1c51f,54.085848,32.882707,Blue,
80234785-b3ce-497e-b64f-b665e23753aa,56.886982,36.938417,Blue,
b922cfa5-2848-4060-9597-ff06a3e47b6a,49.883163,36.224248,Blue,
9924f76b-e054-445c-90be-d0f58afb2014,51.512217,27.347534,Blue,
8d5400e1-3022-4fb4-bb3a-df55f693d694,57.463601,28.847823,Blue,
9346607d-a819-42b2-adff-c17ee0abff1b,55.906591,37.887312,Blue,
c7cb160b-a9ce-4967-9635-cec2a71b32b9,54.046944,31.604839,Blue,
1c0b9296-ee2d-4e84-9402-a05e18ef29b2,55.727542,35.335203,Blue,
4508dc9d-2271-4f2b-b550-167972c97b79,57.631207,28.776267,Blue,
a3d9fb94-3bc1-4034-8651-5c071d5c44d7,54.150878,35.992445,Blue,
2c4d0f97-ca93-468b-bcb1-7ebb4e8a4332,48.441235,27.502507,Blue,
68ae7168-b4a2-4d7e-8c3c-ee2a232552e5,50.849003,39.330589,Blue,
2bd9763f-7a56-45a1-8b95-f27c3ef3fcbe,56.044345,38.450160,Blue,
a7d2bafc-8a62-438c-ba60-dd07645b23df,51.420450,34.308341,Blue,
e9abdd0f-3edf-44b8-84e0-b2dbbbc5e07c,55.270498,38.139697,Blue,
1b7ad6dc-d4d9-4615-9f90-d3c90040a0ca,52.662072,29.030083,Blue,
093f1c8f-ca33-42f3-accf-9f4d04955e34,55.706567,28.581661,Blue,
5f9b939f-6579-474c-8043-4b76dbb881ef,56.611900,32.516893,Blue,
3f07ae5c-db98-4d88-bd89-358fd5099e85,56.178225,33.033970,Blue,
5710d67f-c745-4382-9cf7-47db32877557,53.678776,38.236482,Blue,
e5dbe9da-cfbf-419d-a81c-226da5babe63,49.636925,39.996533,Blue,
250b1e3e-cafa-4c98-8eb5-0b4baa738518,53.193499,39.047659,Blue,
d2ff0eb1-7998-4eb0-9b4b-007ee6e9c932,52.476338,34.604387,Blue,
d109783c-5410-4a8f-bf1e-d9429586921e,52.755182,40.622638,Blue,
eb1cafcf-1905-4926-9e1f-a91743e12963,55.473636,40.026626,Blue,
f6e3d5db-8bd9-46ff-8a40-6734d5b53916,54.563980,32.341678,Blue,
2d747807-58c2-41bd-9930-74c9492ab79d,55.339131,29.910227,Blue,
6cbe801a-2138-42ff-8227-cbc50d88f498,53.008497,34.904996,Blue,
b37c2c5d-a228-4493-85f6-8ad8fc8c1128,56.516217,30.392966,Blue,
52545fb7-5f00-4814-a3ba-570bd94157ad,49.518739,41.448188,Blue,
80195d4f-44f8-4862-a0bf-00c14ad984bf,51.249573,39.367685,Blue,
92246e05-6dda-40d2-8356-c06370126bbf,50.308387,39.168635,Blue,
aeb453cc-0395-4773-9f0d-4de6683fc608,48.307504,27.179391,Blue,
73b04e92-e032-4889-a1af-7ed4946838ae,57.770893,40.076272,Blue,
a6bdd1f2-81a2-43f8-aeb7-61b92936f4d8,55.094600,29.107994,Blue,
7c1196fc-68a4-4655-a9c3-53aaca09abe8,56.258442,34.171852,Blue,
2dafb6a4-9ed5-4716-b06d-60461f925e9d,50.857506,38.093042,Blue,
7b857d2f-d0c1-4205-accc-dc3d4df66cc2,54.414536,32.082952,Blue,
0afe0868-454f-456a-98e5-170835ec5566,51.658498,28.103457,Blue,
4479569c-6710-4f62-bd6e-d7e4f8daba40,55.411624,35.370413,Blue,
2010a791-236f-43e4-b577-fe69bae3854d,49.553066,39.980137,Blue,
50367a1c-a1ed-480d-8452-b051a67cc129,55.564213,41.051393,Blue,
da0dab7c-ae6f-4b86-8785-ad9d20078350,56.694998,32.851304,Blue,
f3b9f574-5af6-486e-a7d8-075040ddbc54,51.770962,35.584483,Blue,
170b24c4-f577-403e-b96c-7981393660a8,50.401852,32.475988,Blue,
40be1897-53c2-48a9-bfc1-4ac7e6a10228,52.912247,38.592980,Blue,
0863ddfd-b0fa-4efa-bbdc-78b42cb069c2,55.503823,30.962693,Blue,
dabc865b-647e-4b9d-a4b1-6e01570ad6a9,57.084637,34.824208,Blue,
ae79c20b-4423-4a28-ab45-ac4300942e20,56.662442,38.344307,Blue,
164f05cb-03c9-4003-bb8f-054071dc251c,54.047461,34.842797,Blue,
7732f640-e6dd-492e-865d-ec1573da1e9c,57.215616,29.684085,Blue,
7ebfb028-3892-43d5-b2d7-33c436f86e40,51.385918,34.467841,Blue,
c495292f-e9db-424b-a491-cec7911a9ce5,57.113006,35.959534,Blue,
8d12135b-e122-41fd-b7e3-836f2df17f88,56.013580,31.627599,Blue,
8f9a62df-96d9-422a-80e0-556af47d3a3c,57.433780,29.389638,Blue,
7c7fa72b-8c3b-4314-85ac-468f28a43f82,52.073893,29.137494,Blue,
5da7d8c4-733c-4d3e-bc16-0cf3835aca9b,53.374660,32.827233,Blue,
cd234646-6e72-4374-bfa1-42e1e0e0a5c0,56.763945,38.978679,Blue,
8b9184d3-313b-4816-9fe2-e34d37afe5cb,52.878817,31.030187,Blue,
c61b5c23-72f7-4b57-b327-a4f72231a585,56.521374,36.805528,Blue,
f18631ae-5baa-44ec-9dea-5c9ffc8f01b1,49.168629,28.494001,Blue,
2174f7b4-0d97-4c4c-ab29-e3ef4942962c,49.016704,29.686262,Blue,
483ec2ae-1fdb-46fd-96ed-b09449403087,49.910949,29.427173,Blue,
5d93d5af-9a36-490e-b252-0ee11ff765f2,52.939583,31.897262,Blue,
56340bbc-f55d-428c-90d1-f95ebffce27e,54.487000,31.479571,Blue,
7261b3a6-24de-4655-bcf9-88e9c9bd68e2,56.333860,41.369904,Blue,
8cfb0309-32ec-4a90-b009-9795bad982e3,57.618667,40.475636,Blue,
f99d1a1f-0da8-449f-8c72-bd73e7b4b1c1,53.697692,40.583701,Blue,
4d33e05e-7f6a-47dc-a7bd-874d56510a79,51.521263,35.155186,Blue,
d66c7ace-8981-46be-8f68-d121ed89b8dc,58.011534,32.531929,Blue,
17198386-12ea-4c8a-91ab-3d1a011e3c29,52.691507,40.031251,Blue,
d81722a8-e899-47b5-85e3-e9e1fc49a465,53.025420,29.286011,Blue,
e1f9c572-9240-4710-9cc0-e70745f9b41f,51.156059,30.315233,Blue,
bfe1df4a-3b9b-446c-b09e-a5796de187ba,57.854036,28.214572,Blue,
9f366cd4-49fb-4a7f-b045-3d72fbd2caea,48.602026,27.610962,Blue,
77dc75cf-1468-4017-8a75-47b92847daf6,55.105575,36.835188,Blue,
eb7d241c-2486-46c6-99ad-44bd7317ac2c,49.354527,32.579853,Blue,
6cc6f251-711f-4487-a7c2-4427e87b5a4e,51.720404,40.280319,Blue,
734427a6-4d85-4929-8823-36473debd62d,52.542863,39.782444,Blue,
ef1e6c60-f2c0-47f0-b1ee-4640facdfe82,50.266124,28.897997,Blue,
12b24155-fc44-482e-bd63-e5fa358c91d2,54.745696,35.354865,Blue,
480032d4-547a-4425-8b47-2c0124e34cbf,57.871433,31.925864,Blue,
79cc6ad9-4c8f-4dca-b1c5-4449e8c66e09,50.672512,35.126964,Blue,
082ac9cc-8632-470b-8a86-b065abd29c02,49.501038,38.170303,Blue,
c38154c6-bf66-4235-9475-b5a811dc1c73,56.178986,39.393412,Blue,
6c5cc2b9-506f-465f-85ba-c45975f359d5,53.811166,32.997239,Blue,
e98b9fe2-4b08-444c-8af1-9c7358fd4672,52.437994,41.409204,Blue,
7672d8f8-e8ac-4d1b-89dc-136766df5c3e,56.200844,39.129163,Blue,
3f6c76b5-35f9-4d61-9f13-559e53e4f73c,55.239931,29.021370,Blue,
5274a19a-8d86-463f-a85d-878367a53a57,53.224370,27.329780,Blue,
6a6647b6-b77b-4605-a67d-2ffd2e461b93,50.846665,28.127759,Blue,
df72f854-aa9a-4456-925d-5030c2cf1c31,55.434102,38.009290,Blue,
db7d7814-ed19-4851-9f8b-25b1731a33e0,51.469717,38.470018,Blue,
b9065f21-d633-48a2-8181-9fe69889c76f,54.400892,32.403538,Blue,
cbee7edb-23b4-4e6a-b2d4-77cab96f44b6,49.497454,29.091276,Blue,
c3ec38ce-cb4d-40ae-98e8-c3d318a13ee3,54.218035,35.371574,Blue,
7e79f585-0615-48eb-9564-4278e70a8f26,57.173101,32.646821,Blue,
f81bf57f-16b5-423c-af7f-7562fc06144e,53.682561,34.326457,Blue,
376c5beb-9209-4d95-b904-7a2046b12c4f,53.372158,38.783586,Blue,
a01dcac1-57f9-4f6a-9c98-d0f851ec16b5,49.784786,33.472240,Blue,
a2dcfb56-73ff-42e8-910a-fdf529efcd09,50.925353,37.617235,Blue,
9aec9af3-06af-4c4f-b813-2a5e2792f60e,56.459641,31.772176,Blue,
a9732d14-efd6-45ae-905e-25523d4739c5,49.822630,33.072193,Blue,
077a9a65-7365-459a-be80-a00f258352bf,49.132108,36.350734,Blue,
71ce0fa9-2fa4-455e-94ca-89c8aab5989d,57.169315,28.778022,Blue,
282babca-d3dd-44e4-b2f2-952a06241e2e,50.152973,33.814022,Blue,
fdaf57b3-8ad6-47ab-acc7-7eb2fba902f7,56.521701,29.668193,Blue,
4663881b-c8e2-4265-a66a-72b2db932091,54.199140,37.028890,Blue,
1e2643f2-0af5-4de6-be80-852bbdb5a577,57.736913,33.414227,Blue,
d4328cef-56d0-4f05-9d9d-bb4d10f3a33f,57.300372,35.715079,Blue,
33940308-4795-4a42-acf4-34d75a799294,53.218425,35.603620,Blue,
0c8963d5-2414-4750-a755-dce1887395e2,50.208205,38.233034,Blue,
ac69f37b-53e5-4a53-8ed3-f6d345c00932,49.835962,36.037066,Blue,
d1ab923e-40e1-4129-9314-612ae2fa72aa,49.517958,41.039119,Blue,
62f13e00-f9c6-4ee3-a3f7-e3fb00ef7153,54.232432,29.253875,Blue,
dde84511-4d28-4214-adf8-1bc0fb81fb25,56.300354,30.319281,Blue,
4f8e361b-ec54-40d8-b16e-2db0ef6fba56,55.062181,41.183978,Blue,
5458ce37-9e91-4653-898b-9e1a2f70f027,53.642991,32.749148,Blue,
2eed7e22-b262-429c-8f85-1eadae51e5a0,53.528062,38.919712,Blue,
4009a2cc-b4f6-4561-8be8-784984680af1,48.895545,30.067268,Blue,
b0b82a8d-ca62-4fc6-84e1-9819cd272334,57.545856,31.947350,Blue,
8e6039e8-d176-4875-a51c-1f199c4207d9,55.894312,33.641334,Blue,
54f575b6-da9b-4289-92ae-ff227db79ec7,53.542876,30.037488,Blue,
8dd2aad0-6fb9-4f14-a30e-1ea868ed74fe,51.555341,39.216405,Blue,
13272dee-f380-4c05-828b-1dcc29d2c1e8,54.978270,30.587396,Blue,
e6db2f83-7e10-41ed-ac0d-66ee098fb94b,54.387365,38.513274,Blue,
bea526b3-fbf6-4ace-b877-1e79c309b8f6,56.518494,32.129851,Blue,
bcdd588e-e906-48c3-b6ec-2c2e51c075f0,55.162934,38.877442,Blue,
d2ccfd1e-0761-4607-90a9-902f0166feb9,52.995558,31.572838,Blue,
04bc7041-0f17-4694-913a-5a529e8bbd69,52.964667,33.989769,Blue,
40f03a50-0170-4c69-9121-4740ef11fda9,54.515691,32.901138,Blue,
183e10a4-c654-42d0-b8e7-108976c2c96a,56.432284,39.540254,Blue,
6866c5dd-ecd4-49f5-b196-5639f2bd8826,52.258924,37.332173,Blue,
843d9342-d1a3-41bd-8671-bacce5c8e52d,56.371068,34.158971,Blue,
8e5c5686-4248-42ef-89ca-bfe031830559,52.425355,36.613907,Blue,
c6808e09-e33c-47a7-83ee-87a845df158c,54.669274,33.159102,Blue,
6519d89a-2aeb-42a3-a930-ee75967ed1ff,49.655120,36.878518,Blue,
162c21a6-d5a2-4a0d-8eeb-043bbf635094,49.204688,29.211685,Blue,
23eed7fa-310d-4523-85c2-7d493bf5c16b,54.990492,41.303593,Blue,
07f20393-301c-4fc5-be83-81b69bc0fad3,56.263679,32.077356,Blue,
afda9c32-25e7-4120-b91b-3d7531f694c3,48.532403,31.272850,Blue,
3e831b25-fe56-42a8-98ef-495e8660d49f,57.230159,34.580782,Blue,
9634d457-0c9d-493a-8a73-bb4a17902bf5,52.686917,28.277474,Blue,
45f482da-4b10-4fae-9b75-a38b60bcd61e,56.799939,32.422428,Blue,
c8cb35a4-204c-468e-9d20-53336d22fe50,56.755154,28.032279,Blue,
284cbad0-31ac-416a-b491-0aaac8d96446,51.896022,37.547480,Blue,
bedb9e0e-6fe6-448c-bbd8-5a96a64f55e0,52.284352,39.967103,Blue,
9cc5ed69-2456-47e3-97cc-22d563ef0d3c,54.484055,33.288692,Blue,
0f15883b-4421-4555-8a31-656b0fa87d15,55.314190,31.387026,Blue,
66d39355-9a31-4f89-ae9d-7bb75608692b,48.401854,39.956177,Blue,
6e15ed74-e18d-4c14-8b53-8ec3fa7ae94c,50.145276,30.337138,Blue,
67724604-e535-481d-8d96-2f86faa717df,52.491998,28.648087,Blue,
6f2d24df-c62f-426d-890c-5befd4a20eb4,49.188002,38.830921,Blue,
b6fbc1b9-957b-434d-8da1-f3586a659f22,56.772810,31.023206,Blue,
c52695da-c3ed-4137-9362-f58e844540c1,49.920172,27.616945,Blue,
3ec15e48-8f2e-44f3-a875-60d907988ec6,54.513120,39.589279,Blue,
cd897ff8-b7ff-4c0b-920a-6ec4a848259e,55.779619,29.016399,Blue,
7bd6f538-810a-4e75-9dd6-a7ab5e1c28de,50.166773,32.187362,Blue,
36e5094e-52f3-463c-a6da-5fd3f12dd672,49.938624,38.359696,Blue,
c63accad-4c83-4162-87eb-25d53e7cb09a,57.022016,34.515562,Blue,
3e8ff530-421a-44bd-869b-6eae19f01612,48.374526,33.694517,Blue,
d618a2e8-e686-4dba-ad77-59ddcea77443,56.213835,27.288971,Blue,
38ae2c93-6bc3-4f4c-84e2-d6e1fc7fdef6,50.681969,31.234560,Blue,
1423296a-a98f-4355-a4ab-0a0d90f3d134,52.034159,40.212260,Blue,
f8b8d959-887d-440a-adf3-7b50e9924316,51.837417,27.524210,Blue,
a1ae8401-f519-49df-b5e8-0b626872cf7f,52.307084,36.426784,Blue,
f661d562-29d4-4d73-8df7-7e08efddaf8d,54.096774,32.916211,Blue,
de945c08-4ec7-48e7-b5a0-8b66144458ab,54.074286,39.438607,Blue,
5c07e94d-15fc-4d11-a329-3864e65eff01,55.127267,39.110184,Blue,
8510a59f-7982-4473-bafc-5bf786f5d5cb,54.093320,34.015615,Blue,
3a73c4a5-289a-466f-8ee9-6df293bb9f48,57.395009,35.446417,Blue,
9f0a3aaa-11bc-4944-b743-b79d9919cd69,50.533311,41.387916,Blue,
add32ff9-42fa-434f-ada4-4db193a7c702,54.608854,34.452409,Blue,
88c56fc0-d46b-400a-afbb-c6528f2820be,51.090208,29.778707,Blue,
b5a9199e-7c55-4974-9616-ae61b1d3c742,51.059577,30.549988,Blue,
afd91a48-2eb3-432a-8f42-76c6b81f01a9,57.423494,29.811416,Blue,
260b5c86-f28c-4dbc-865c-6546538b2d68,50.132745,39.038792,Blue,
4d6f2b49-a63a-4634-ad65-b6d5fa04e2c3,52.921147,36.661121,Blue,
02d9b972-4a8f-4722-8c32-d3c7f0cbbc2d,53.588507,38.390429,Blue,
c104b0a3-a01f-4716-9337-319daa321a16,56.617069,34.828284,Blue,
71e9a511-a5e2-4cbe-b121-f195aadba1bd,55.504904,40.581018,Blue,
0d121c95-8bc7-458a-b90e-8f2975583384,50.687872,39.299068,Blue,
9274f3a2-b8ac-4da9-91ce-406183b21a38,50.547591,34.189374,Blue,
b1fd3cdc-fbdb-49bd-93e1-86befb954353,50.103481,33.258618,Blue,
078c18b2-90fb-4d17-a2c2-62c783bffed1,49.681789,40.846383,Blue,
d4d36e0b-9984-4638-8d21-bc877eee518d,55.735535,38.796413,Blue,
6d376663-098c-44a2-9546-4cafa05c1419,50.889588,36.425519,Blue,
c362bf4a-726e-4bab-a9fe-a44289856a33,53.952256,39.783549,Blue,
05573c87-e90b-4b7e-9b7d-31a1f6de7c8a,48.790337,29.970291,Blue,
e0b32b19-bbd9-4753-b5e5-0ba10c099e2b,49.709374,32.102848,Blue,
a278970f-249e-4d60-9796-9ad3ab30c0ef,55.630149,29.706995,Blue,
3021ced7-612f-44ce-b36d-dfc250e7c4c1,55.733471,31.791995,Blue,
df64ac4a-c050-4b80-9d3e-e670081a4411,52.427073,39.310287,Blue,
abba3ba1-54ac-437b-a75c-d83821049174,53.588496,28.604595,Blue,
abf8c16f-193b-46de-8443-9be09045ed7e,51.181890,37.736495,Blue,
597068f5-840c-4181-88eb-fedc96d3986f,49.407704,29.582095,Blue,
1ba2dfdf-8eaf-4f3a-b06f-df3d5506f782,50.285713,32.270773,Blue,
86b62e02-fcdf-43ab-ae80-54d62bd15589,55.166286,36.494058,Blue,
93801f4b-787f-43dd-975e-9c5566c33523,57.677655,39.810176,Blue,
18083c03-00dd-42e4-bb17-d6779c9535b6,55.992428,31.437338,Blue,
27067572-090f-4e6d-bc72-f227f47d8195,54.050769,32.735246,Blue,
96c34e19-8873-4265-98d7-99f1aedcc0c2,55.172677,37.504784,Blue,
d97acb7b-cf76-4330-8f9d-c0dbbdd04abf,48.886762,38.850258,Blue,
57ac89ca-0c58-4b5e-be89-c35bfaffc04a,49.645938,41.155056,Blue,
2e017cc2-e12b-46e6-a872-c4f9ad52150a,48.804899,40.125859,Blue,
c33ebdae-3846-4ba1-993b-dc47d1577198,53.347811,40.895525,Blue,
f4961038-13a7-48b9-87ec-ed9fd0c9face,50.689519,36.720891,Blue,
3a11ab43-39f4-4e2b-8936-e5ce86890738,55.800883,37.526175,Blue,
23a68a4b-7c98-4f37-a18f-42e3307ffaa5,51.701089,38.353774,Blue,
7993f0f7-0370-4136-8d7a-396a89bbbcda,55.689918,31.003581,Blue,
55cc8a50-333b-47b6-a796-9679692a05d9,56.315527,40.716643,Blue,
965b218f-edbe-4204-9557-a9c2fe05652b,49.044961,29.108162,Blue,
e032ded9-0d82-47c1-9de6-19acc12dee8f,53.743670,40.140038,Blue,
978e100c-e881-440f-a20f-03207df520c9,56.540532,29.060080,Blue,
fbdc1b91-b946-45eb-8fdc-beaa8123c128,49.372136,36.561984,Blue,
51f9bdea-0315-459b-87a8-32c11e574cdf,51.248449,32.091444,Blue,
ad9229d6-e406-4473-8d0c-b656f1205534,55.252676,38.253097,Blue,
e0320452-5462-489c-af1c-8bff5d1dcba2,50.741854,41.421584,Blue,
479abad0-1adf-4500-8471-81462f8832a9,51.788487,30.781901,Blue,
ca412e31-e2e5-4881-9dd4-c915edff1e87,51.509118,36.163443,Blue,
68516f9b-ed34-4c9c-9655-2c419b6cae9a,54.238902,35.125379,Blue,
8356e7cd-4529-4c37-ba81-591f56eb6c17,50.936072,36.396432,Blue,
1578e7d0-e0ab-4ee6-81f8-9ec27249ad19,57.965335,32.387946,Blue,
18b96ff3-abdc-42ed-8ecf-3bbf002046ae,55.055410,27.373787,Blue,
a50720df-2eeb-4ef7-b931-54f33e6fb57f,49.694707,35.912541,Blue,
393d7f8a-f647-4e64-aa78-4652da28626f,57.304827,31.470153,Blue,
53ddd1ca-800b-4bf7-86d0-4569f6031165,54.520673,33.024313,Blue,
6b61c7f7-3f99-4a1c-80ad-18722fb86a23,48.630485,34.670167,Blue,
2680e5dd-0423-4900-8495-167a18c8ff5b,51.641062,27.640977,Blue,
fa303911-919a-4be8-8a77-0dcf9cb52b54,52.868760,35.800082,Blue,
09ddcbaa-f2c0-42fb-b2f0-c10ce3013e4d,51.449405,35.022344,Blue,
3ec5f897-e412-4b2f-abdf-ea62e678bc52,50.867107,34.494686,Blue,
43143cbb-fb0d-47d6-814a-8fe3ed062eca,51.331926,36.409272,Blue,
232a4d89-3f3a-4878-9034-90525d6b7d39,56.810423,38.482171,Blue,
197cf762-04f8-4055-b24e-c1676928b416,49.338501,33.056875,Blue,
e98b5a00-f7db-44f1-b8eb-7b8f986afa27,52.338245,36.655749,Blue,
8da7abde-57bb-4938-9147-e2fb8063911a,54.910589,27.533617,Blue,
e0b2cf06-8c45-44e1-b9aa-6924bdb610fb,51.105708,33.208185,Blue,
3b804fa2-1f7c-47f4-9795-259277196c99,50.739797,34.367198,Blue,
8737ae69-176d-4f97-a91c-23b8d2b5413b,54.879738,30.327846,Blue,
37faf7aa-e5c1-4c33-b96f-d15495927584,50.592832,29.468039,Blue,
c19f828c-6b99-4aef-9ea9-24ccc40152eb,49.013269,31.840468,Blue,
38342b0e-7a49-4a80-ad9c-d77a5175ef32,53.464719,31.011924,Blue,
9155783f-4325-4c83-af91-d1ac16cb936c,52.366724,41.330978,Blue,
1f7f506e-3f71-4179-bcfa-7eefb1069cbe,55.500983,29.170222,Blue,
adf37e50-5b0b-46b4-912d-2574ce408000,55.271345,32.323592,Blue,
e3ea6e36-08a3-4e25-8ed3-4cfa15a4dc49,57.425621,31.412474,Blue,
ed5bf1f8-4492-4cc4-8ca4-1aa0a19e42ae,53.971680,39.970287,Blue,
909e9811-2208-4e47-b792-fd88d012f644,57.964756,28.875355,Blue,
a5b91db9-fae8-48ff-80ba-2d19ad6fdad4,51.180123,30.112656,Blue,
105f8ce4-b38a-4d0b-8e04-983f2b45311d,51.540062,30.642218,Blue,
293b938a-743b-42ad-bed1-c05a87b1b92e,56.995528,39.800131,Blue,
427ea92e-eec2-497e-8376-7304aba1c4a1,56.529756,40.655643,Blue,
